,Data,Nome Natureza,Natureza,Entrada,Saida
0,2023-02-01,ADIANTAMENTO DE CLIENTES,11202003.0,0.0,0.0
1,2023-04-01,ADIANTAMENTO DE CLIENTES,11202003.0,0.0,0.0
2,2023-05-01,MARKETING DIRETO,11101001.0,0.0,0.0
3,2023-05-01,ADIANT. DE LUCRO - MATEUS MACI,21105007.0,0.0,50.0
4,2023-05-01,CONSULTORIA,21101002.0,0.0,0.0
5,2023-06-01,SERVICOS DE PUBLICIDADE E PROP,21101013.0,0.0,0.0
6,2023-06-01,SERVICOS DE PUBLICIDADE E PROP,21101013.0,0.0,0.0
7,2023-06-01,SERVICOS DE PUBLICIDADE E PROP,21101013.0,0.0,0.0
8,2023-06-01,SERVICOS DE PUBLICIDADE E PROP,21101013.0,0.0,0.0
9,2023-06-01,SERVICOS DE PUBLICIDADE E PROP,21101013.0,0.0,0.0
10,2023-06-01,SERVICOS DE PUBLICIDADE E PROP,21101013.0,0.0,0.0
11,2023-06-01,SERVICOS DE PUBLICIDADE E PROP,21101013.0,0.0,0.0
12,2023-06-01,SERVICOS DE PUBLICIDADE E PROP,21101013.0,0.0,0.0
13,2023-09-01,PAGAMENTOS DIVERSOS,21202003.0,0.0,12.1
14,2023-10-01,CONDOMINIO,21103008.0,0.0,570.0
15,2023-10-01,ALUGUEL DE IMOVEIS,21103001.0,0.0,600.0
16,2023-10-01,ADIANT. DE LUCRO - CARLOS HENR,21105006.0,0.0,0.0
17,2023-10-01,ADIANT. DE LUCRO - MATEUS MACI,21105007.0,0.0,0.0
18,2023-10-01,ADIANT. DE LUCRO - MANOEL VIRG,21105011.0,0.0,0.0
19,2023-10-01,ADIANT. DE LUCRO - CARLOS HENR,21105006.0,0.0,0.0
20,2023-10-01,ADIANT. DE LUCRO - MATEUS MACI,21105007.0,0.0,0.0
21,2023-10-01,ADIANT. DE LUCRO - MANOEL VIRG,21105011.0,0.0,0.0
22,2023-10-01,PRO LABORE,21105001.0,0.0,0.0
23,2023-12-01,ADIANTAMENTO DE CLIENTES,11202003.0,0.0,0.0
67,2023-01-02,ADIANTAMENTO DE CLIENTES,11202003.0,0.0,0.0
68,2023-02-02,ADIANT. DE LUCRO - CARLOS HENR,21105006.0,0.0,0.0
69,2023-02-02,ADIANT. DE LUCRO - MATEUS MACI,21105007.0,0.0,0.0
70,2023-02-02,ADIANT. DE LUCRO - CARLOS HENR,21105006.0,0.0,0.0
71,2023-02-02,ADIANT. DE LUCRO - CARLOS HENR,21105006.0,0.0,241.22
72,2023-02-02,ADIANT. DE LUCRO - MATEUS MACI,21105007.0,0.0,0.0
73,2023-02-02,ADIANT. DE LUCRO - MATEUS MACI,21105007.0,0.0,591.22
74,2023-02-02,ADIANT. DE LUCRO - MANOEL VIRG,21105011.0,0.0,341.22
75,2023-02-02,ADIANT. DE LUCRO - MATEUS MACI,21105007.0,0.0,0.0
76,2023-03-02,TELEFONIA  MOVEL,21103006.0,0.0,143.33
77,2023-03-02,MARKETING DIRETO,11101001.0,0.0,0.0
78,2023-06-02,PAGAMENTOS DIVERSOS,21202003.0,0.0,10.0
79,2023-06-02,ADIANT. DE LUCRO - CARLOS HENR,21105006.0,0.0,72.25
80,2023-06-02,CONSULTORIA,21101002.0,0.0,0.0
81,2023-07-02,APORTES,11203002.0,0.0,0.0
82,2023-07-02,SERVICOS DE PUBLICIDADE E PROP,21101013.0,0.0,0.0
83,2023-07-02,SERVICOS DE PUBLICIDADE E PROP,21101013.0,0.0,0.0
84,2023-07-02,SERVICOS DE PUBLICIDADE E PROP,21101013.0,0.0,0.0
85,2023-07-02,SERVICOS DE PUBLICIDADE E PROP,21101013.0,0.0,0.0
86,2023-07-02,SERVICOS DE PUBLICIDADE E PROP,21101013.0,0.0,0.0
87,2023-07-02,SERVICOS DE PUBLICIDADE E PROP,21101013.0,0.0,0.0
88,2023-07-02,SERVICOS DE PUBLICIDADE E PROP,21101013.0,0.0,0.0
89,2023-07-02,SERVICOS DE PUBLICIDADE E PROP,21101013.0,0.0,0.0
90,2023-07-02,SERVICOS DE PUBLICIDADE E PROP,21101013.0,0.0,0.0
91,2023-07-02,SERVICOS DE PUBLICIDADE E PROP,21101013.0,0.0,0.0
92,2023-07-02,SERVICOS DE PUBLICIDADE E PROP,21101013.0,0.0,0.0
93,2023-07-02,SERVICOS DE PUBLICIDADE E PROP,21101013.0,0.0,0.0
94,2023-09-02,ADIANT. DE LUCRO - MATEUS MACI,21105007.0,0.0,66.0
95,2023-10-02,CONDOMINIO,21103008.0,0.0,570.0
96,2023-10-02,IPTU IMP PREDIAL TERRIT URBANO,21109001.0,0.0,117.7
97,2023-10-02,TELEFONIA  MOVEL,21103006.0,0.0,83.21
98,2023-10-02,ADIANT. DE LUCRO - MATEUS MACI,21105007.0,0.0,0.0
99,2023-10-02,ALUGUEL DE IMOVEIS,21103001.0,0.0,600.0
100,2023-10-02,CIM CADASTRO INSCRICAO MUNICIP,21109002.0,0.0,931.82
101,2023-10-02,ALUGUEL DE IMOVEIS,21103001.0,0.0,600.0
102,2023-10-02,CIM CADASTRO INSCRICAO MUNICIP,21109002.0,0.0,931.82
103,2023-10-02,ADIANT. DE LUCRO - MATEUS MACI,21105007.0,0.0,45.0
104,2023-10-02,ADIANTAMENTO DE CLIENTES,11202003.0,0.0,0.0
105,2023-10-02,ADIANT. DE LUCRO - MATEUS MACI,21105007.0,0.0,0.0
106,2023-10-02,APORTES,11203002.0,0.0,0.0
144,2023-03-03,DOACOES E CONTRIBUICOES,21102010.0,0.0,6.0
145,2023-03-03,RECEITA DE JUROS,11201001.0,68.46,0.0
146,2023-03-03,ADIANTAMENTO DE CLIENTES,11202003.0,0.0,0.0
147,2023-06-03,CONSULTORIA,21101002.0,0.0,0.0
148,2023-06-03,SERVICOS DE PUBLICIDADE E PROP,21101013.0,0.0,0.0
149,2023-06-03,SERVICOS DE PUBLICIDADE E PROP,21101013.0,0.0,0.0
150,2023-06-03,SERVICOS DE PUBLICIDADE E PROP,21101013.0,0.0,0.0
151,2023-06-03,SERVICOS DE PUBLICIDADE E PROP,21101013.0,0.0,0.0
152,2023-06-03,SERVICOS DE PUBLICIDADE E PROP,21101013.0,0.0,0.0
153,2023-06-03,SERVICOS DE PUBLICIDADE E PROP,21101013.0,0.0,0.0
154,2023-06-03,SERVICOS DE PUBLICIDADE E PROP,21101013.0,0.0,0.0
155,2023-06-03,SERVICOS DE PUBLICIDADE E PROP,21101013.0,0.0,0.0
156,2023-08-03,ADIANT. DE LUCRO - CARLOS HENR,21105006.0,0.0,68.0
157,2023-09-03,TELEFONIA  MOVEL,21103006.0,0.0,140.61
158,2023-09-03,ADIANT. DE LUCRO - MANOEL VIRG,21105011.0,0.0,167.53
159,2023-09-03,TELEFONIA  MOVEL,21103006.0,0.0,124.14
160,2023-10-03,SEGUROS PESSOAIS E EMPRESARIAI,21102011.0,0.0,117.7
161,2023-10-03,TELEFONIA  MOVEL,21103006.0,0.0,124.14
162,2023-10-03,ADIANT. DE LUCRO - CARLOS HENR,21105006.0,0.0,400.0
163,2023-10-03,CONDOMINIO,21103008.0,0.0,570.0
164,2023-10-03,ADIANTAMENTO DE CLIENTES,11202003.0,0.0,0.0
165,2023-10-03,ADIANTAMENTO DE CLIENTES,11202003.0,0.0,0.0
166,2023-10-03,ADIANT. DE LUCRO - CARLOS HENR,21105006.0,400.0,0.0
207,2023-03-04,ADIANT. DE LUCRO - CARLOS HENR,21105006.0,0.0,100.0
208,2023-04-04,ADIANT. DE LUCRO - CARLOS HENR,21105006.0,0.0,150.0
209,2023-04-04,ALUGUEL DE IMOVEIS,21103001.0,0.0,600.0
210,2023-05-04,CONSULTORIA,21101002.0,0.0,0.0
211,2023-06-04,SERVICOS DE PUBLICIDADE E PROP,21101013.0,0.0,0.0
212,2023-06-04,ADIANTAMENTO DE CLIENTES,11202003.0,0.0,0.0
213,2023-06-04,SERVICOS DE PUBLICIDADE E PROP,21101013.0,0.0,0.0
214,2023-06-04,SERVICOS DE PUBLICIDADE E PROP,21101013.0,0.0,638.5
215,2023-06-04,SERVICOS DE PUBLICIDADE E PROP,21101013.0,0.0,0.0
216,2023-06-04,SERVICOS DE PUBLICIDADE E PROP,21101013.0,638.5,0.0
217,2023-06-04,SERVICOS DE PUBLICIDADE E PROP,21101013.0,0.0,0.0
218,2023-10-04,ADIANTAMENTO DE CLIENTES,11202003.0,0.0,0.0
219,2023-10-04,MARKETING DIRETO,11101001.0,0.0,0.0
220,2023-10-04,ADIANTAMENTO DE CLIENTES,11202003.0,0.0,0.0
221,2023-10-04,IPTU IMP PREDIAL TERRIT URBANO,21109001.0,0.0,117.7
222,2023-10-04,SERVICOS DE PUBLICIDADE E PROP,21101013.0,0.0,100.0
223,2023-10-04,SERVICOS DE PUBLICIDADE E PROP,21101013.0,0.0,100.0
224,2023-10-04,SERVICOS DE PUBLICIDADE E PROP,21101013.0,0.0,100.0
225,2023-10-04,SERVICOS DE PUBLICIDADE E PROP,21101013.0,0.0,100.0
226,2023-10-04,SERVICOS DE PUBLICIDADE E PROP,21101013.0,0.0,100.0
227,2023-10-04,SERVICOS DE PUBLICIDADE E PROP,21101013.0,0.0,100.0
228,2023-10-04,SERVICOS DE PUBLICIDADE E PROP,21101013.0,0.0,100.0
229,2023-10-04,CONDOMINIO,21103008.0,0.0,570.0
230,2023-10-04,ADIANT. DE LUCRO - CARLOS HENR,21105006.0,0.0,400.0
231,2023-10-04,ADIANT. DE LUCRO - CARLOS HENR,21105006.0,0.0,250.0
232,2023-10-04,ADIANT. DE LUCRO - MATEUS MACI,21105007.0,0.0,556.65
233,2023-11-04,SERVICOS DE PUBLICIDADE E PROP,21101013.0,0.0,0.0
234,2023-11-04,SERVICOS DE PUBLICIDADE E PROP,21101013.0,0.0,0.0
235,2023-11-04,SERVICOS DE PUBLICIDADE E PROP,21101013.0,0.0,800.0
236,2023-11-04,SERVICOS DE PUBLICIDADE E PROP,21101013.0,0.0,0.0
237,2023-11-04,SERVICOS DE PUBLICIDADE E PROP,21101013.0,0.0,0.0
238,2023-11-04,SERVICOS DE PUBLICIDADE E PROP,21101013.0,0.0,0.0
239,2023-11-04,ADIANT. DE LUCRO - CARLOS HENR,21105006.0,0.0,55.0
240,2023-11-04,ADIANT. DE LUCRO - MATEUS MACI,21105007.0,0.0,0.0
241,2023-11-04,PAGAMENTOS DIVERSOS,21202003.0,0.0,140.96
242,2023-11-04,SERVICOS DE PUBLICIDADE E PROP,21101013.0,0.0,0.0
305,2023-02-05,APLICACAO ITAU AUTO MAIS,31103010.0,0.0,0.0
306,2023-02-05,LICENCA DE USO,21103015.0,0.0,445.5
307,2023-02-05,MARKETING DIRETO,11101001.0,500.0,0.0
308,2023-02-05,ENTRADAS DE TRANSFERENCIAS,31102004.0,0.0,0.0
309,2023-02-05,ADIANT. DE LUCRO - MATEUS MACI,21105007.0,0.0,752.97
310,2023-02-05,ADIANT. DE LUCRO - MANOEL VIRG,21105011.0,0.0,484.61
311,2023-02-05,SERVICOS DE PUBLICIDADE E PROP,21101013.0,0.0,44.31
312,2023-02-05,SERVICOS DE PUBLICIDADE E PROP,21101013.0,0.0,410.43
313,2023-02-05,ENTRADAS DE TRANSFERENCIAS,31102004.0,0.0,0.0
314,2023-02-05,MARKETING DIRETO,11101001.0,0.0,0.0
315,2023-02-05,MARKETING DIRETO,11101001.0,0.0,0.0
316,2023-02-05,MARKETING DIRETO,11101001.0,0.0,0.0
317,2023-02-05,MARKETING DIRETO,11101001.0,0.0,0.0
318,2023-02-05,APLICACAO ITAU AUTO MAIS,31103010.0,0.0,0.0
319,2023-03-05,APLICACAO ITAU AUTO MAIS,31103010.0,0.0,0.0
320,2023-03-05,INDENIZACOES RECEBIDAS,11301001.0,0.71,0.0
321,2023-03-05,PAGAMENTOS DIVERSOS,21202003.0,0.0,290.71
322,2023-03-05,ADIANT. DE LUCRO - CARLOS HENR,21105006.0,0.0,500.0
323,2023-03-05,MARKETING DIRETO,11101001.0,0.0,0.0
324,2023-03-05,APLICACAO ITAU AUTO MAIS,31103010.0,0.0,0.0
325,2023-04-05,APLICACAO ITAU AUTO MAIS,31103010.0,0.0,0.0
326,2023-04-05,APLICACAO ITAU AUTO MAIS,31103010.0,0.0,0.0
327,2023-04-05,ADIANTAMENTO DE CLIENTES,11202003.0,0.0,0.0
328,2023-05-05,RESGATE ITAU AUTO MAIS,31102006.0,0.0,704.63
329,2023-05-05,RESGATE ITAU AUTO MAIS,31102006.0,704.63,0.0
330,2023-05-05,MARKETING DIRETO,11101001.0,900.0,0.0
331,2023-05-05,CONSULTORIA,21101002.0,0.0,0.0
332,2023-05-05,TARIFAS BANCARIAS,31103005.0,0.0,44.88
333,2023-08-05,RESGATE ITAU AUTO MAIS,31102006.0,0.0,0.0
334,2023-08-05,ADIANT. DE LUCRO - CARLOS HENR,21105006.0,0.0,251.88
335,2023-08-05,MARKETING DIRETO,11101001.0,500.0,0.0
336,2023-08-05,ADIANT. DE LUCRO - CARLOS HENR,21105006.0,0.0,200.0
337,2023-08-05,SERVICOS DE PUBLICIDADE E PROP,21101013.0,0.0,0.0
338,2023-08-05,SERVICOS DE PUBLICIDADE E PROP,21101013.0,0.0,0.0
339,2023-08-05,SERVICOS DE PUBLICIDADE E PROP,21101013.0,0.0,0.0
340,2023-08-05,ADIANTAMENTO DE CLIENTES,11202003.0,0.0,0.0
341,2023-08-05,IPTU IMP PREDIAL TERRIT URBANO,21109001.0,0.0,117.7
342,2023-08-05,SERVICOS DE PUBLICIDADE E PROP,21101013.0,0.0,0.0
343,2023-08-05,SERVICOS DE PUBLICIDADE E PROP,21101013.0,0.0,0.0
344,2023-08-05,SERVICOS DE PUBLICIDADE E PROP,21101013.0,0.0,0.0
345,2023-08-05,SERVICOS DE PUBLICIDADE E PROP,21101013.0,0.0,0.0
346,2023-08-05,RESGATE ITAU AUTO MAIS,31102006.0,0.0,0.0
347,2023-08-05,ADIANTAMENTO DE CLIENTES,11202003.0,0.0,0.0
348,2023-09-05,RESGATE ITAU AUTO MAIS,31102006.0,0.0,384.23
349,2023-09-05,TELEFONIA  MOVEL,21103006.0,0.0,115.1
350,2023-09-05,TELEFONIA  MOVEL,21103006.0,0.0,19.24
351,2023-09-05,TARIFAS BANCARIAS,31103005.0,0.0,39.9
352,2023-09-05,CONDOMINIO,21103008.0,0.0,570.0
353,2023-09-05,ALUGUEL DE IMOVEIS,21103001.0,0.0,600.0
354,2023-09-05,ADIANT. DE LUCRO - MATEUS MACI,21105007.0,0.0,556.64
355,2023-09-05,ADIANTAMENTO DE CLIENTES,11202003.0,0.0,0.0
356,2023-09-05,RESGATE ITAU AUTO MAIS,31102006.0,384.23,0.0
357,2023-10-05,RESGATE ITAU AUTO MAIS,31102006.0,0.0,692.69
358,2023-10-05,ADIANT. DE LUCRO - CARLOS HENR,21105006.0,0.0,365.66
359,2023-10-05,TARIFAS BANCARIAS,31103005.0,0.0,242.7
360,2023-10-05,RESGATE ITAU AUTO MAIS,31102006.0,692.69,0.0
361,2023-10-05,PAGAMENTOS DIVERSOS,21202003.0,0.0,450.0
362,2023-11-05,APLICACAO ITAU AUTO MAIS,31103010.0,300.0,0.0
363,2023-11-05,APLICACAO ITAU AUTO MAIS,31103010.0,0.0,300.0
364,2023-11-05,APLICACAO ITAU AUTO MAIS,31103010.0,300.0,0.0
365,2023-11-05,APLICACAO ITAU AUTO MAIS,31103010.0,300.0,0.0
366,2023-11-05,APLICACAO ITAU AUTO MAIS,31103010.0,0.0,300.0
367,2023-11-05,APLICACAO ITAU AUTO MAIS,31103010.0,0.0,300.0
368,2023-11-05,ADIANT. DE LUCRO - CARLOS HENR,21105006.0,0.0,0.0
369,2023-11-05,ADIANT. DE LUCRO - MATEUS MACI,21105007.0,0.0,0.0
370,2023-11-05,MARKETING DIRETO,11101001.0,800.0,0.0
371,2023-11-05,MARKETING DIRETO,11101001.0,0.0,0.0
372,2023-11-05,ADIANT. DE LUCRO - CARLOS HENR,21105006.0,0.0,0.0
373,2023-11-05,ADIANT. DE LUCRO - CARLOS HENR,21105006.0,0.0,150.4
374,2023-11-05,ADIANT. DE LUCRO - MATEUS MACI,21105007.0,0.0,0.0
375,2023-11-05,ADIANT. DE LUCRO - MATEUS MACI,21105007.0,0.0,825.2
376,2023-12-05,APLICACAO ITAU AUTO MAIS,31103010.0,0.0,0.0
377,2023-12-05,RECEITA DE JUROS,11201001.0,50.33,0.0
378,2023-12-05,APLICACAO ITAU AUTO MAIS,31103010.0,0.0,0.0
379,2023-12-05,ADIANTAMENTO DE CLIENTES,11202003.0,0.0,0.0
380,2023-12-05,ADIANTAMENTO DE CLIENTES,11202003.0,0.0,0.0
381,2023-12-05,ADIANTAMENTO DE CLIENTES,11202003.0,0.0,0.0
382,2023-12-05,ADIANTAMENTO DE CLIENTES,11202003.0,0.0,0.0
463,2023-01-06,APLICACAO ITAU AUTO MAIS,31103010.0,0.0,0.0
464,2023-01-06,PAGAMENTOS DIVERSOS,21202003.0,0.0,286.3
465,2023-01-06,SERVICO DE DIVULGACAO,21101014.0,0.0,200.0
466,2023-01-06,LICENCA DE USO,21103015.0,0.0,495.0
467,2023-01-06,ADIANTAMENTO DE CLIENTES,11202003.0,0.0,500.0
468,2023-01-06,ADIANTAMENTO DE CLIENTES,11202003.0,500.0,0.0
469,2023-01-06,RECEITA DE JUROS,11201001.0,25.17,0.0
470,2023-01-06,APLICACAO ITAU AUTO MAIS,31103010.0,0.0,0.0
471,2023-01-06,ADIANTAMENTO DE CLIENTES,11202003.0,500.0,0.0
472,2023-01-06,MARKETING DIRETO,11101001.0,0.0,0.0
473,2023-02-06,RESGATE ITAU AUTO MAIS,31102006.0,0.0,204.18
474,2023-02-06,ADIANT. DE LUCRO - CARLOS HENR,21105006.0,0.0,100.0
475,2023-02-06,ADIANT. DE LUCRO - CARLOS HENR,21105006.0,0.0,648.7
476,2023-02-06,RESGATE ITAU AUTO MAIS,31102006.0,204.18,0.0
477,2023-02-06,TARIFAS BANCARIAS,31103005.0,0.0,204.19
478,2023-05-06,RESGATE ITAU AUTO MAIS,31102006.0,0.0,0.0
479,2023-05-06,RESGATE ITAU AUTO MAIS,31102006.0,0.0,0.0
480,2023-05-06,CONSULTORIA,21101002.0,0.0,0.0
481,2023-05-06,ADIANT. DE LUCRO - CARLOS HENR,21105006.0,0.0,100.0
482,2023-06-06,APLICACAO INTER CDB MAIS,31103002.0,200.0,0.0
483,2023-06-06,RESGATE ITAU AUTO MAIS,31102006.0,0.0,0.0
484,2023-06-06,APLICACAO INTER CDB MAIS,31103002.0,0.0,200.0
485,2023-06-06,ENTRADAS DE TRANSFERENCIAS,31102004.0,200.0,0.0
486,2023-06-06,TARIFAS BANCARIAS,31103005.0,0.0,7.6
487,2023-06-06,LANCHES E REFEICOES,21102003.0,0.0,106.9
488,2023-06-06,ENERGIA ELETRICA,21103003.0,0.0,597.5
489,2023-06-06,ENERGIA ELETRICA,21103003.0,0.0,508.08
490,2023-06-06,ENERGIA ELETRICA,21103003.0,0.0,684.71
491,2023-06-06,ENTRADAS DE TRANSFERENCIAS,31102004.0,0.0,200.0
492,2023-06-06,RESGATE ITAU AUTO MAIS,31102006.0,0.0,0.0
493,2023-06-06,MARKETING DIRETO,11101001.0,500.0,0.0
494,2023-08-06,ADIANT. DE LUCRO - CARLOS HENR,21105006.0,0.0,80.0
495,2023-09-06,RESGATE ITAU AUTO MAIS,31102006.0,0.0,0.0
496,2023-09-06,RESGATE ITAU AUTO MAIS,31102006.0,0.0,0.0
497,2023-09-06,LANCHES E REFEICOES,21102003.0,0.0,426.87
498,2023-09-06,SERVICOS DE PUBLICIDADE E PROP,21101013.0,0.0,0.0
499,2023-09-06,SERVICOS DE PUBLICIDADE E PROP,21101013.0,0.0,0.0
500,2023-09-06,SERVICOS DE PUBLICIDADE E PROP,21101013.0,0.0,0.0
501,2023-09-06,SERVICOS DE PUBLICIDADE E PROP,21101013.0,0.0,0.0
502,2023-09-06,ADIANT. DE LUCRO - MATEUS MACI,21105007.0,0.0,556.64
503,2023-09-06,ADIANT. DE LUCRO - CARLOS HENR,21105006.0,0.0,0.0
504,2023-12-06,ADIANTAMENTO DE CLIENTES,11202003.0,0.0,0.0
505,2023-12-06,SERVICOS DE PUBLICIDADE E PROP,21101013.0,0.0,0.0
506,2023-12-06,ADIANTAMENTO DE CLIENTES,11202003.0,0.0,0.0
507,2023-12-06,ADIANT. DE LUCRO - CARLOS HENR,21105006.0,0.0,200.0
602,2023-03-07,APLICACAO ITAU AUTO MAIS,31103010.0,919.57,0.0
603,2023-03-07,ENTRADAS DE TRANSFERENCIAS,31102004.0,0.0,801.17
604,2023-03-07,ENTRADAS DE TRANSFERENCIAS,31102004.0,801.17,0.0
605,2023-03-07,APLICACAO ITAU AUTO MAIS,31103010.0,0.0,919.57
606,2023-03-07,ADIANTAMENTO DE CLIENTES,11202003.0,0.0,0.0
607,2023-04-07,RESGATE ITAU AUTO MAIS,31102006.0,0.0,332.03
608,2023-04-07,RESGATE ITAU AUTO MAIS,31102006.0,332.03,0.0
609,2023-04-07,ADIANT. DE LUCRO - CARLOS HENR,21105006.0,0.0,200.0
610,2023-04-07,TARIFAS BANCARIAS,31103005.0,0.0,132.05
611,2023-04-07,LICENCA DE USO,21103015.0,0.0,950.85
612,2023-04-07,LICENCA DE USO,21103015.0,0.0,830.75
613,2023-06-07,APLICACAO ITAU AUTO MAIS,31103010.0,0.0,0.0
614,2023-06-07,APLICACAO ITAU AUTO MAIS,31103010.0,0.0,0.0
615,2023-06-07,MARKETING DIRETO,11101001.0,900.0,0.0
616,2023-06-07,ADIANTAMENTO DE CLIENTES,11202003.0,500.0,0.0
617,2023-10-07,RESGATE ITAU AUTO MAIS,31102006.0,0.0,0.0
618,2023-10-07,RESGATE ITAU AUTO MAIS,31102006.0,0.0,0.0
619,2023-10-07,SERVICOS DE PUBLICIDADE E PROP,21101013.0,0.0,0.0
620,2023-10-07,SERVICOS DE PUBLICIDADE E PROP,21101013.0,0.0,800.0
621,2023-10-07,SERVICOS DE PUBLICIDADE E PROP,21101013.0,0.0,0.0
622,2023-10-07,SERVICOS DE PUBLICIDADE E PROP,21101013.0,0.0,0.0
623,2023-10-07,SERVICOS DE PUBLICIDADE E PROP,21101013.0,0.0,0.0
624,2023-10-07,SERVICOS DE PUBLICIDADE E PROP,21101013.0,0.0,0.0
625,2023-10-07,ADIANT. DE LUCRO - CARLOS HENR,21105006.0,0.0,350.0
626,2023-10-07,ADIANTAMENTO DE CLIENTES,11202003.0,0.0,0.0
627,2023-10-07,ADIANTAMENTO DE CLIENTES,11202003.0,0.0,0.0
628,2023-10-07,ADIANTAMENTO DE CLIENTES,11202003.0,500.0,0.0
629,2023-10-07,ADIANTAMENTO DE CLIENTES,11202003.0,0.0,500.0
630,2023-11-07,APLICACAO ITAU AUTO MAIS,31103010.0,0.0,0.0
631,2023-11-07,APLICACAO ITAU AUTO MAIS,31103010.0,0.0,0.0
632,2023-11-07,ADIANT. DE LUCRO - MATEUS MACI,21105007.0,0.0,557.0
633,2023-11-07,ADIANTAMENTO DE CLIENTES,11202003.0,625.0,0.0
634,2023-11-07,ADIANTAMENTO DE CLIENTES,11202003.0,0.0,0.0
635,2023-11-07,LICENCA DE USO,21103015.0,0.0,156.6
636,2023-11-07,JUROS PAGOS,31103001.0,0.0,3.18
637,2023-12-07,APLICACAO ITAU AUTO MAIS,31103010.0,850.0,0.0
638,2023-12-07,APLICACAO ITAU AUTO MAIS,31103010.0,0.0,850.0
639,2023-12-07,ADIANTAMENTO DE CLIENTES,11202003.0,850.0,0.0
725,2023-01-08,APLICACAO ITAU AUTO MAIS,31103010.0,0.0,0.0
726,2023-01-08,APLICACAO ITAU AUTO MAIS,31103010.0,0.0,0.0
727,2023-01-08,APLICACAO ITAU AUTO MAIS,31103010.0,0.0,0.0
728,2023-01-08,APLICACAO ITAU AUTO MAIS,31103010.0,0.0,0.0
729,2023-01-08,APLICACAO ITAU AUTO MAIS,31103010.0,0.0,0.0
730,2023-01-08,ADIANTAMENTO DE CLIENTES,11202003.0,60.0,0.0
731,2023-01-08,RECEITA DE JUROS,11201001.0,36.6,0.0
732,2023-01-08,ADIANTAMENTO DE CLIENTES,11202003.0,0.0,0.0
733,2023-01-08,ADIANTAMENTO DE CLIENTES,11202003.0,625.0,0.0
734,2023-01-08,APLICACAO ITAU AUTO MAIS,31103010.0,0.0,0.0
735,2023-01-08,ADIANTAMENTO DE CLIENTES,11202003.0,0.0,0.0
736,2023-01-08,TARIFAS BANCARIAS,31103005.0,0.0,7.6
737,2023-02-08,RESGATE ITAU AUTO MAIS,31102006.0,0.0,0.0
738,2023-02-08,RESGATE ITAU AUTO MAIS,31102006.0,0.0,0.0
739,2023-02-08,RESGATE ITAU AUTO MAIS,31102006.0,0.0,0.0
740,2023-02-08,RESGATE ITAU AUTO MAIS,31102006.0,0.0,0.0
741,2023-02-08,RESGATE ITAU AUTO MAIS,31102006.0,0.0,0.0
742,2023-02-08,RESGATE ITAU AUTO MAIS,31102006.0,0.0,0.0
743,2023-02-08,TELEFONIA  MOVEL,21103006.0,0.0,131.77
744,2023-02-08,ADIANT. DE LUCRO - MATEUS MACI,21105007.0,0.0,0.0
745,2023-02-08,ADIANT. DE LUCRO - MANOEL VIRG,21105011.0,0.0,0.0
746,2023-02-08,TARIFAS BANCARIAS,31103005.0,0.0,13.3
747,2023-02-08,TARIFAS BANCARIAS,31103005.0,0.0,102.37
748,2023-03-08,APLICACAO ITAU AUTO MAIS,31103010.0,0.0,0.0
749,2023-03-08,APLICACAO ITAU AUTO MAIS,31103010.0,0.0,0.0
750,2023-03-08,APLICACAO ITAU AUTO MAIS,31103010.0,0.0,0.0
751,2023-03-08,APLICACAO ITAU AUTO MAIS,31103010.0,0.0,0.0
752,2023-03-08,APLICACAO ITAU AUTO MAIS,31103010.0,0.0,0.0
753,2023-03-08,APLICACAO ITAU AUTO MAIS,31103010.0,0.0,0.0
754,2023-03-08,MARKETING DIRETO,11101001.0,0.0,0.0
755,2023-03-08,ADIANT. DE LUCRO - CARLOS HENR,21105006.0,0.0,200.0
756,2023-03-08,TARIFAS BANCARIAS,31103005.0,0.0,9.14
757,2023-04-08,APLICACAO ITAU AUTO MAIS,31103010.0,0.0,0.0
758,2023-04-08,APLICACAO ITAU AUTO MAIS,31103010.0,0.0,0.0
759,2023-04-08,ADIANTAMENTO DE CLIENTES,11202003.0,0.0,0.0
760,2023-08-08,APLICACAO ITAU AUTO MAIS,31103010.0,500.0,0.0
761,2023-08-08,APLICACAO ITAU AUTO MAIS,31103010.0,0.0,500.0
762,2023-08-08,ADIANTAMENTO DE CLIENTES,11202003.0,500.0,0.0
763,2023-08-08,ADIANTAMENTO DE CLIENTES,11202003.0,0.0,500.0
764,2023-08-08,MARKETING DIRETO,11101001.0,500.0,0.0
765,2023-09-08,RESGATE ITAU AUTO MAIS,31102006.0,0.0,157.55
766,2023-09-08,RESGATE ITAU AUTO MAIS,31102006.0,157.55,0.0
767,2023-09-08,TELEFONIA  MOVEL,21103006.0,0.0,157.55
768,2023-11-08,RESGATE ITAU AUTO MAIS,31102006.0,0.0,0.0
769,2023-11-08,RESGATE ITAU AUTO MAIS,31102006.0,0.0,0.0
770,2023-11-08,SERVICOS DE PUBLICIDADE E PROP,21101013.0,0.0,0.0
771,2023-11-08,SERVICOS DE PUBLICIDADE E PROP,21101013.0,0.0,0.0
772,2023-11-08,SERVICOS DE PUBLICIDADE E PROP,21101013.0,0.0,0.0
773,2023-11-08,SERVICOS DE PUBLICIDADE E PROP,21101013.0,0.0,0.0
774,2023-11-08,SERVICOS DE PUBLICIDADE E PROP,21101013.0,0.0,0.0
775,2023-11-08,SERVICOS DE PUBLICIDADE E PROP,21101013.0,0.0,0.0
776,2023-11-08,SERVICOS DE PUBLICIDADE E PROP,21101013.0,0.0,0.0
777,2023-11-08,MARKETING DIRETO,11101001.0,0.0,0.0
778,2023-11-08,ADIANTAMENTO DE CLIENTES,11202003.0,0.0,0.0
876,2023-01-09,APLICACAO ITAU AUTO MAIS,31103010.0,0.0,0.0
877,2023-01-09,APLICACAO ITAU AUTO MAIS,31103010.0,0.0,0.0
878,2023-01-09,ADIANTAMENTO DE CLIENTES,11202003.0,0.0,0.0
879,2023-01-09,ADIANTAMENTO DE CLIENTES,11202003.0,0.0,0.0
880,2023-01-09,ADIANTAMENTO DE CLIENTES,11202003.0,0.0,0.0
881,2023-01-09,RECEITA DE JUROS,11201001.0,114.06,0.0
882,2023-04-09,APLICACAO ITAU AUTO MAIS,31103010.0,896.18,0.0
883,2023-04-09,TARIFAS BANCARIAS,31103005.0,0.0,134.63
884,2023-04-09,TARIFAS BANCARIAS,31103005.0,0.0,228.37
885,2023-04-09,MARKETING DIRETO,11101001.0,0.0,0.0
886,2023-04-09,APLICACAO ITAU AUTO MAIS,31103010.0,0.0,896.18
887,2023-05-09,RESGATE ITAU AUTO MAIS,31102006.0,0.0,521.89
888,2023-05-09,RESGATE ITAU AUTO MAIS,31102006.0,521.89,0.0
889,2023-05-09,ADIANT. DE LUCRO - MANOEL VIRG,21105011.0,0.0,721.9
890,2023-05-09,ADIANT. DE LUCRO - CARLOS HENR,21105006.0,0.0,300.0
891,2023-05-09,MARKETING DIRETO,11101001.0,500.0,0.0
892,2023-11-09,RESGATE ITAU AUTO MAIS,31102006.0,0.0,349.98
893,2023-11-09,RESGATE ITAU AUTO MAIS,31102006.0,349.98,0.0
894,2023-11-09,ADIANT. DE LUCRO - CARLOS HENR,21105006.0,0.0,350.0
895,2023-12-09,RESGATE ITAU AUTO MAIS,31102006.0,0.0,50.0
896,2023-12-09,RESGATE ITAU AUTO MAIS,31102006.0,50.0,0.0
897,2023-12-09,SERVICOS DE PUBLICIDADE E PROP,21101013.0,0.0,0.0
898,2023-12-09,ADIANT. DE LUCRO - CARLOS HENR,21105006.0,0.0,500.0
899,2023-12-09,MARKETING DIRETO,11101001.0,500.0,0.0
900,2023-12-09,MARKETING DIRETO,11101001.0,0.0,0.0
995,2023-03-10,RESGATE ITAU AUTO MAIS,31102006.0,0.0,650.37
996,2023-03-10,RESGATE ITAU AUTO MAIS,31102006.0,650.37,0.0
997,2023-03-10,ENERGIA ELETRICA,21103003.0,0.0,578.6
998,2023-03-10,TARIFAS BANCARIAS,31103005.0,0.0,71.8
999,2023-04-10,RESGATE ITAU AUTO MAIS,31102006.0,0.0,0.0
1000,2023-04-10,RESGATE ITAU AUTO MAIS,31102006.0,0.0,0.0
1001,2023-04-10,ADIANT. DE LUCRO - CARLOS HENR,21105006.0,0.0,0.0
1002,2023-04-10,TARIFAS BANCARIAS,31103005.0,0.0,13.3
1003,2023-04-10,ADIANT. DE LUCRO - CARLOS HENR,21105006.0,0.0,0.0
1004,2023-04-10,ADIANT. DE LUCRO - CARLOS HENR,21105006.0,0.0,25.2
1005,2023-05-10,ADIANT. DE LUCRO - CARLOS HENR,21105006.0,0.0,500.0
1006,2023-05-10,ADIANTAMENTO DE CLIENTES,11202003.0,500.0,0.0
1007,2023-05-10,RECEITA DE JUROS,11201001.0,25.17,0.0
1008,2023-09-10,APLICACAO ITAU AUTO MAIS,31103010.0,375.17,0.0
1009,2023-09-10,APLICACAO ITAU AUTO MAIS,31103010.0,0.0,375.17
1010,2023-09-10,ADIANTAMENTO DE CLIENTES,11202003.0,0.0,0.0
1011,2023-09-10,ADIANT. DE LUCRO - MATEUS MACI,21105007.0,0.0,300.0
1012,2023-09-10,ADIANT. DE LUCRO - CARLOS HENR,21105006.0,0.0,650.0
1013,2023-10-10,RESGATE ITAU AUTO MAIS,31102006.0,0.0,399.98
1014,2023-10-10,RESGATE ITAU AUTO MAIS,31102006.0,399.98,0.0
1015,2023-10-10,ADIANTAMENTO DE CLIENTES,11202003.0,500.0,0.0
1016,2023-10-10,ADIANT. DE LUCRO - CARLOS HENR,21105006.0,0.0,900.0
1017,2023-11-10,APLICACAO ITAU AUTO MAIS,31103010.0,0.0,0.0
1018,2023-11-10,APLICACAO ITAU AUTO MAIS,31103010.0,0.0,0.0
1019,2023-11-10,ADIANTAMENTO DE CLIENTES,11202003.0,0.0,0.0
1020,2023-11-10,MARKETING DIRETO,11101001.0,0.0,0.0
1021,2023-11-10,ADIANT. DE LUCRO - CARLOS HENR,21105006.0,0.0,200.0
1125,2023-01-11,RESGATE ITAU AUTO MAIS,31102006.0,0.0,13.3
1126,2023-01-11,RESGATE ITAU AUTO MAIS,31102006.0,13.3,0.0
1127,2023-01-11,TARIFAS BANCARIAS,31103005.0,0.0,13.3
1128,2023-03-11,RESGATE ITAU AUTO MAIS,31102006.0,0.0,934.28
1129,2023-03-11,RESGATE ITAU AUTO MAIS,31102006.0,934.28,0.0
1130,2023-03-11,TARIFAS BANCARIAS,31103005.0,0.0,782.31
1131,2023-03-11,TARIFAS BANCARIAS,31103005.0,0.0,152.0
1132,2023-06-11,RESGATE ITAU AUTO MAIS,31102006.0,0.0,799.98
1133,2023-06-11,RESGATE ITAU AUTO MAIS,31102006.0,799.98,0.0
1134,2023-06-11,ADIANT. DE LUCRO - CARLOS HENR,21105006.0,0.0,800.0
1135,2023-07-11,APLICACAO ITAU AUTO MAIS,31103010.0,0.0,0.0
1136,2023-07-11,APLICACAO ITAU AUTO MAIS,31103010.0,0.0,0.0
1137,2023-07-11,ADIANTAMENTO DE CLIENTES,11202003.0,0.0,0.0
1138,2023-07-11,MARKETING DIRETO,11101001.0,500.0,0.0
1139,2023-07-11,CONSORCIO ITAU,31103011.0,0.0,734.18
1140,2023-08-11,APLICACAO ITAU AUTO MAIS,31103010.0,0.0,0.0
1141,2023-08-11,MARKETING DIRETO,11101001.0,0.0,0.0
1142,2023-08-11,APLICACAO ITAU AUTO MAIS,31103010.0,0.0,0.0
1143,2023-08-11,ADIANT. DE LUCRO - CARLOS HENR,21105006.0,0.0,300.0
1241,2023-01-12,APLICACAO ITAU AUTO MAIS,31103010.0,0.0,0.0
1242,2023-01-12,APLICACAO ITAU AUTO MAIS,31103010.0,0.0,0.0
1243,2023-01-12,APLICACAO ITAU AUTO MAIS,31103010.0,0.0,0.0
1244,2023-01-12,APLICACAO ITAU AUTO MAIS,31103010.0,0.0,0.0
1245,2023-01-12,APLICACAO ITAU AUTO MAIS,31103010.0,0.0,0.0
1246,2023-01-12,APLICACAO ITAU AUTO MAIS,31103010.0,0.0,0.0
1247,2023-01-12,INSS SOBRE PRO LABORE,21105002.0,0.0,435.6
1248,2023-01-12,MARKETING DIRETO,11101001.0,0.0,0.0
1249,2023-01-12,ADIANTAMENTO DE CLIENTES,11202003.0,0.0,0.0
1250,2023-04-12,APLICACAO ITAU AUTO MAIS,31103010.0,945.52,0.0
1251,2023-04-12,APLICACAO ITAU AUTO MAIS,31103010.0,0.0,945.52
1252,2023-04-12,ADIANT. DE LUCRO - MANOEL VIRG,21105011.0,0.0,823.83
1253,2023-04-12,ADIANT. DE LUCRO - CARLOS HENR,21105006.0,0.0,500.0
1254,2023-04-12,MARKETING DIRETO,11101001.0,0.0,0.0
1255,2023-04-12,MARKETING DIRETO,11101001.0,0.0,0.0
1256,2023-04-12,TARIFAS BANCARIAS,31103005.0,0.0,130.65
1257,2023-05-12,RESGATE ITAU AUTO MAIS,31102006.0,0.0,559.99
1258,2023-05-12,RESGATE ITAU AUTO MAIS,31102006.0,559.99,0.0
1259,2023-05-12,ADIANT. DE LUCRO - CARLOS HENR,21105006.0,0.0,600.0
1260,2023-05-12,ADIANT. DE LUCRO - CARLOS HENR,21105006.0,0.0,260.0
1261,2023-05-12,CURSOS E TREINAMENTOS,21104034.0,0.0,200.0
1262,2023-05-12,ADIANTAMENTO DE CLIENTES,11202003.0,500.0,0.0
1263,2023-06-12,RESGATE ITAU AUTO MAIS,31102006.0,0.0,399.99
1264,2023-06-12,RESGATE ITAU AUTO MAIS,31102006.0,399.99,0.0
1265,2023-06-12,ADIANT. DE LUCRO - CARLOS HENR,21105006.0,0.0,400.0
1266,2023-07-12,APLICACAO ITAU AUTO MAIS,31103010.0,0.0,0.0
1267,2023-07-12,APLICACAO ITAU AUTO MAIS,31103010.0,0.0,0.0
1268,2023-07-12,MARKETING DIRETO,11101001.0,0.0,0.0
1269,2023-11-12,APLICACAO ITAU AUTO MAIS,31103010.0,0.0,0.0
1270,2023-11-12,APLICACAO ITAU AUTO MAIS,31103010.0,0.0,0.0
1271,2023-11-12,MARKETING DIRETO,11101001.0,0.0,0.0
1272,2023-12-12,APLICACAO ITAU AUTO MAIS,31103010.0,0.0,0.0
1273,2023-12-12,APLICACAO ITAU AUTO MAIS,31103010.0,0.0,0.0
1274,2023-12-12,ADIANT. DE LUCRO - CARLOS HENR,21105006.0,0.0,300.0
1275,2023-12-12,MARKETING DIRETO,11101001.0,500.0,0.0
1276,2023-12-12,MARKETING DIRETO,11101001.0,0.0,0.0
1373,2024-02-01,RESGATE ITAU AUTO MAIS,31102006.0,0.0,599.98
1374,2024-02-01,RESGATE ITAU AUTO MAIS,31102006.0,599.98,0.0
1375,2024-02-01,ADIANT. DE LUCRO - CARLOS HENR,21105006.0,0.0,600.0
1376,2024-03-01,APLICACAO ITAU AUTO MAIS,31103010.0,0.0,0.0
1377,2024-03-01,MARKETING DIRETO,11101001.0,0.0,0.0
1378,2024-03-01,APLICACAO ITAU AUTO MAIS,31103010.0,0.0,0.0
1379,2024-03-01,TELEFONIA  MOVEL,21103006.0,0.0,142.61
1380,2024-03-01,TARIFAS BANCARIAS,31103005.0,0.0,119.12
1381,2024-03-01,ADIANT. DE LUCRO - CARLOS HENR,21105006.0,0.0,180.0
1382,2024-04-01,RESGATE ITAU AUTO MAIS,31102006.0,0.0,219.99
1383,2024-04-01,RESGATE ITAU AUTO MAIS,31102006.0,219.99,0.0
1384,2024-04-01,ADIANT. DE LUCRO - CARLOS HENR,21105006.0,0.0,220.0
1385,2024-08-01,RESGATE ITAU AUTO MAIS,31102006.0,0.0,0.0
1386,2024-08-01,RESGATE ITAU AUTO MAIS,31102006.0,0.0,0.0
1387,2024-08-01,SERVICOS DE PUBLICIDADE E PROP,21101013.0,0.0,100.0
1388,2024-08-01,ADIANT. DE LUCRO - CARLOS HENR,21105006.0,0.0,100.0
1389,2024-08-01,SERVICOS DE PUBLICIDADE E PROP,21101013.0,0.0,100.0
1390,2024-08-01,SERVICOS DE PUBLICIDADE E PROP,21101013.0,0.0,100.0
1391,2024-08-01,SERVICOS DE PUBLICIDADE E PROP,21101013.0,0.0,100.0
1392,2024-08-01,ADIANT. DE LUCRO - CARLOS HENR,21105006.0,0.0,500.0
1393,2024-08-01,SERVICOS DE PUBLICIDADE E PROP,21101013.0,0.0,260.0
1394,2024-08-01,SERVICOS DE PUBLICIDADE E PROP,21101013.0,0.0,100.0
1395,2024-09-01,APLICACAO ITAU AUTO MAIS,31103010.0,0.0,0.0
1396,2024-09-01,MARKETING DIRETO,11101001.0,0.0,0.0
1397,2024-09-01,APLICACAO ITAU AUTO MAIS,31103010.0,0.0,0.0
1398,2024-09-01,MARKETING DIRETO,11101001.0,500.0,0.0
1399,2024-10-01,APLICACAO ITAU AUTO MAIS,31103010.0,0.0,0.0
1400,2024-10-01,CONSULTORIA,21101002.0,0.0,0.0
1401,2024-10-01,APLICACAO ITAU AUTO MAIS,31103010.0,0.0,0.0
1402,2024-10-01,SERVICOS DE PUBLICIDADE E PROP,21101013.0,0.0,170.6
1403,2024-10-01,SERVICOS DE PUBLICIDADE E PROP,21101013.0,0.0,80.4
1404,2024-10-01,SERVICOS DE PUBLICIDADE E PROP,21101013.0,0.0,260.8
1405,2024-10-01,SERVICOS DE PUBLICIDADE E PROP,21101013.0,0.0,80.4
1406,2024-10-01,ADIANT. DE LUCRO - CARLOS HENR,21105006.0,0.0,180.0
1407,2024-10-01,SERVICOS DE PUBLICIDADE E PROP,21101013.0,0.0,168.4
1408,2024-10-01,CONDOMINIO,21103008.0,0.0,0.0
1409,2024-10-01,ADIANTAMENTO DE CLIENTES,11202003.0,0.0,0.0
1410,2024-10-01,MARKETING DIRETO,11101001.0,0.0,0.0
1411,2024-10-01,MARKETING DIRETO,11101001.0,0.0,0.0
1412,2024-10-01,RECEITA DE JUROS,11201001.0,52.0,0.0
1413,2024-11-01,APLICACAO ITAU AUTO MAIS,31103010.0,988.15,0.0
1414,2024-11-01,ADIANTAMENTO DE CLIENTES,11202003.0,0.0,0.0
1415,2024-11-01,APLICACAO ITAU AUTO MAIS,31103010.0,0.0,988.15
1416,2024-11-01,TELEFONIA  MOVEL,21103006.0,0.0,211.85
1417,2024-11-01,ADIANT. DE LUCRO - CARLOS HENR,21105006.0,0.0,300.0
1418,2024-11-01,ADIANT. DE LUCRO - MATEUS MACI,21105007.0,0.0,0.0
1419,2024-12-01,APLICACAO ITAU AUTO MAIS,31103010.0,0.0,0.0
1420,2024-12-01,MARKETING DIRETO,11101001.0,0.0,0.0
1421,2024-12-01,APLICACAO ITAU AUTO MAIS,31103010.0,0.0,0.0
1422,2024-12-01,ADIANT. DE LUCRO - CARLOS HENR,21105006.0,0.0,200.0
1423,2024-12-01,SERVICOS DE PUBLICIDADE E PROP,21101013.0,0.0,180.4
1500,2024-01-02,RESGATE ITAU AUTO MAIS,31102006.0,0.0,0.0
1501,2024-01-02,RESGATE ITAU AUTO MAIS,31102006.0,0.0,0.0
1502,2024-01-02,ENERGIA ELETRICA,21103003.0,0.0,659.39
1503,2024-01-02,ENERGIA ELETRICA,21103003.0,0.0,402.87
1504,2024-01-02,TELEFONIA  MOVEL,21103006.0,0.0,145.56
1505,2024-01-02,SERVICOS DE PUBLICIDADE E PROP,21101013.0,0.0,96.33
1506,2024-01-02,SERVICOS DE PUBLICIDADE E PROP,21101013.0,0.0,131.2
1507,2024-01-02,SERVICOS DE PUBLICIDADE E PROP,21101013.0,0.0,131.2
1508,2024-01-02,SERVICOS DE PUBLICIDADE E PROP,21101013.0,0.0,58.69
1509,2024-01-02,SERVICOS DE PUBLICIDADE E PROP,21101013.0,0.0,196.8
1510,2024-01-02,SERVICOS DE PUBLICIDADE E PROP,21101013.0,0.0,195.2
1511,2024-01-02,SERVICOS DE PUBLICIDADE E PROP,21101013.0,0.0,262.4
1512,2024-01-02,SERVICOS DE PUBLICIDADE E PROP,21101013.0,0.0,131.2
1513,2024-01-02,SERVICOS DE PUBLICIDADE E PROP,21101013.0,0.0,195.2
1514,2024-01-02,ADIANT. DE LUCRO - CARLOS HENR,21105006.0,0.0,231.2
1515,2024-02-02,APLICACAO ITAU AUTO MAIS,31103010.0,483.53,0.0
1516,2024-02-02,APLICACAO ITAU AUTO MAIS,31103010.0,0.0,483.53
1517,2024-02-02,ADIANTAMENTO DE CLIENTES,11202003.0,0.0,0.0
1518,2024-02-02,ADIANTAMENTO DE CLIENTES,11202003.0,0.0,0.0
1519,2024-02-02,ADIANTAMENTO DE CLIENTES,11202003.0,0.0,0.0
1520,2024-02-02,ADIANT. DE LUCRO - CARLOS HENR,21105006.0,0.0,400.0
1521,2024-02-02,IOF,31103006.0,0.0,97.87
1522,2024-02-02,TARIFAS BANCARIAS,31103005.0,0.0,79.8
1523,2024-02-02,TARIFAS BANCARIAS,31103005.0,0.0,19.0
1524,2024-02-02,TARIFAS BANCARIAS,31103005.0,0.0,94.8
1525,2024-05-02,RESGATE ITAU AUTO MAIS,31102006.0,0.0,0.0
1526,2024-05-02,RESGATE ITAU AUTO MAIS,31102006.0,0.0,0.0
1527,2024-05-02,ADIANT. DE LUCRO - CARLOS HENR,21105006.0,0.0,250.0
1528,2024-05-02,ADIANT. DE LUCRO - CARLOS HENR,21105006.0,0.0,50.0
1529,2024-05-02,ADIANT. DE LUCRO - MATEUS MACI,21105007.0,0.0,0.0
1530,2024-06-02,RESGATE ITAU AUTO MAIS,31102006.0,0.0,193.92
1531,2024-06-02,RESGATE ITAU AUTO MAIS,31102006.0,193.92,0.0
1532,2024-06-02,TARIFAS BANCARIAS,31103005.0,0.0,263.24
1533,2024-07-02,APLICACAO ITAU AUTO MAIS,31103010.0,0.0,0.0
1534,2024-07-02,APLICACAO ITAU AUTO MAIS,31103010.0,0.0,0.0
1535,2024-07-02,ADIANTAMENTO DE CLIENTES,11202003.0,0.0,0.0
1536,2024-07-02,MARKETING DIRETO,11101001.0,500.0,0.0
1537,2024-07-02,ADIANTAMENTO DE CLIENTES,11202003.0,0.0,0.0
1538,2024-07-02,CONDOMINIO,21103008.0,0.0,0.0
1539,2024-07-02,TELEFONIA  FIXA,21103005.0,0.0,272.58
1540,2024-07-02,MARKETING DIRETO,11101001.0,0.0,0.0
1541,2024-07-02,RECEITA DE JUROS,11201001.0,25.17,0.0
1542,2024-09-02,RESGATE ITAU AUTO MAIS,31102006.0,0.0,0.0
1543,2024-09-02,RESGATE ITAU AUTO MAIS,31102006.0,0.0,0.0
1544,2024-09-02,CIM CADASTRO INSCRICAO MUNICIP,21109002.0,0.0,976.72
1545,2024-09-02,TARIFAS BANCARIAS,31103005.0,0.0,714.13
1546,2024-09-02,ENERGIA ELETRICA,21103003.0,0.0,31.47
1547,2024-09-02,ADIANT. DE LUCRO - CARLOS HENR,21105006.0,0.0,0.0
1548,2024-09-02,ADIANT. DE LUCRO - CARLOS HENR,21105006.0,0.0,800.0
1549,2024-09-02,TAXAS MUNICIPAIS,21109005.0,0.0,0.0
1628,2024-01-03,APLICACAO ITAU AUTO MAIS,31103010.0,902.42,0.0
1629,2024-01-03,LICENCA DE USO,21103015.0,0.0,0.0
1630,2024-01-03,ADIANT. DE LUCRO - CARLOS HENR,21105006.0,0.0,200.0
1631,2024-01-03,APLICACAO ITAU AUTO MAIS,31103010.0,0.0,902.42
1632,2024-01-03,ADIANTAMENTO DE CLIENTES,11202003.0,500.0,0.0
1633,2024-01-03,ADIANTAMENTO DE CLIENTES,11202003.0,0.0,0.0
1634,2024-01-03,MARKETING DIRETO,11101001.0,0.0,0.0
1635,2024-01-03,RECEITA DE JUROS,11201001.0,63.03,0.0
1636,2024-04-03,RESGATE ITAU AUTO MAIS,31102006.0,0.0,902.42
1637,2024-04-03,RESGATE ITAU AUTO MAIS,31102006.0,902.42,0.0
1638,2024-04-03,SERVICOS DE PUBLICIDADE E PROP,21101013.0,0.0,328.0
1639,2024-04-03,SERVICOS DE PUBLICIDADE E PROP,21101013.0,0.0,164.0
1640,2024-04-03,ADIANT. DE LUCRO - CARLOS HENR,21105006.0,0.0,50.0
1641,2024-04-03,SERVICOS DE PUBLICIDADE E PROP,21101013.0,0.0,244.0
1642,2024-04-03,SERVICOS DE PUBLICIDADE E PROP,21101013.0,0.0,164.0
1643,2024-04-03,SERVICOS DE PUBLICIDADE E PROP,21101013.0,0.0,184.5
1644,2024-04-03,SERVICOS DE PUBLICIDADE E PROP,21101013.0,0.0,164.0
1645,2024-04-03,ADIANT. DE LUCRO - CARLOS HENR,21105006.0,0.0,150.0
1646,2024-04-03,SERVICOS DE PUBLICIDADE E PROP,21101013.0,0.0,183.0
1647,2024-04-03,ADIANT. DE LUCRO - CARLOS HENR,21105006.0,0.0,50.0
1648,2024-04-03,ADIANT. DE LUCRO - CARLOS HENR,21105006.0,0.0,650.0
1649,2024-04-03,ADIANT. DE LUCRO - CARLOS HENR,21105006.0,0.0,50.0
1650,2024-04-03,IOF,31103006.0,0.0,111.36
1651,2024-04-03,TARIFAS BANCARIAS,31103005.0,0.0,60.8
1652,2024-04-03,TARIFAS BANCARIAS,31103005.0,0.0,11.4
1653,2024-04-03,TARIFAS BANCARIAS,31103005.0,0.0,114.59
1654,2024-04-03,TARIFAS BANCARIAS,31103005.0,0.0,22.0
1655,2024-05-03,OUTRAS RECEITAS NAO OPERACIONA,11301002.0,22.0,0.0
1656,2024-07-03,APLICACAO ITAU AUTO MAIS,31103010.0,0.0,0.0
1657,2024-07-03,MARKETING DIRETO,11101001.0,0.0,0.0
1658,2024-07-03,ADIANTAMENTO DE CLIENTES,11202003.0,0.0,0.0
1659,2024-07-03,MARKETING DIRETO,11101001.0,0.0,0.0
1660,2024-07-03,ADIANTAMENTO DE CLIENTES,11202003.0,0.0,0.0
1661,2024-07-03,ADIANT. DE LUCRO - MANOEL VIRG,21105011.0,0.0,590.0
1662,2024-07-03,ADIANT. DE LUCRO - CARLOS HENR,21105006.0,0.0,920.0
1663,2024-07-03,APLICACAO ITAU AUTO MAIS,31103010.0,0.0,0.0
1664,2024-08-03,APLICACAO ITAU AUTO MAIS,31103010.0,0.0,0.0
1665,2024-08-03,ADIANT. DE LUCRO - CARLOS HENR,21105006.0,0.0,0.0
1666,2024-08-03,ADIANT. DE LUCRO - CARLOS HENR,21105006.0,0.0,100.0
1667,2024-08-03,ADIANTAMENTO DE CLIENTES,11202003.0,0.0,0.0
1668,2024-08-03,APLICACAO ITAU AUTO MAIS,31103010.0,0.0,0.0
1669,2024-08-03,ADIANTAMENTO DE CLIENTES,11202003.0,0.0,0.0
1670,2024-11-03,RESGATE ITAU AUTO MAIS,31102006.0,0.0,0.0
1671,2024-11-03,RESGATE ITAU AUTO MAIS,31102006.0,0.0,0.0
1672,2024-11-03,SIMPLES NACIONAL,21107005.0,0.0,0.0
1673,2024-11-03,CONSULTORIA,21101002.0,0.0,0.0
1674,2024-11-03,ADIANTAMENTO DE CLIENTES,11202003.0,500.0,0.0
1675,2024-11-03,RECEITA DE JUROS,11201001.0,5.0,0.0
1676,2024-12-03,APLICACAO ITAU AUTO MAIS,31103010.0,0.0,0.0
1677,2024-12-03,ADIANTAMENTO DE CLIENTES,11202003.0,0.0,0.0
1678,2024-12-03,MARKETING DIRETO,11101001.0,0.0,0.0
1679,2024-12-03,APLICACAO ITAU AUTO MAIS,31103010.0,0.0,0.0
1747,2024-01-04,ADIANT. DE LUCRO - CARLOS HENR,21105006.0,0.0,300.0
1748,2024-01-04,ADIANT. DE LUCRO - CARLOS HENR,21105006.0,0.0,200.0
1749,2024-01-04,ADIANTAMENTO DE CLIENTES,11202003.0,0.0,0.0
1750,2024-01-04,ADIANT. DE LUCRO - CARLOS HENR,21105006.0,0.0,300.0
1751,2024-02-04,ENERGIA ELETRICA,21103003.0,0.0,670.53
1752,2024-02-04,ENERGIA ELETRICA,21103003.0,0.0,636.36
1753,2024-02-04,ADIANT. DE LUCRO - CARLOS HENR,21105006.0,0.0,600.0
1754,2024-02-04,ADIANT. DE LUCRO - CARLOS HENR,21105006.0,0.0,200.0
1755,2024-02-04,IOF,31103006.0,0.0,120.95
1756,2024-02-04,TARIFAS BANCARIAS,31103005.0,0.0,300.99
1757,2024-02-04,TARIFAS BANCARIAS,31103005.0,0.0,57.0
1758,2024-02-04,TARIFAS BANCARIAS,31103005.0,0.0,45.6
1759,2024-02-04,TARIFAS BANCARIAS,31103005.0,0.0,93.64
1760,2024-02-04,ADIANTAMENTO DE CLIENTES,11202003.0,0.0,0.0
1761,2024-02-04,RECEITA DE JUROS,11201001.0,104.02,0.0
1762,2024-02-04,ADIANTAMENTO DE CLIENTES,11202003.0,0.0,0.0
1763,2024-02-04,LICENCA DE USO,21103015.0,0.0,0.0
1764,2024-03-04,MARKETING DIRETO,11101001.0,0.0,0.0
1765,2024-03-04,ADIANTAMENTO DE CLIENTES,11202003.0,0.0,0.0
1766,2024-03-04,ADIANTAMENTO DE CLIENTES,11202003.0,0.0,0.0
1767,2024-03-04,ADIANT. DE LUCRO - CARLOS HENR,21105006.0,0.0,150.0
1768,2024-04-04,ADIANT. DE LUCRO - CARLOS HENR,21105006.0,0.0,350.0
1769,2024-04-04,ADIANTAMENTO DE CLIENTES,11202003.0,0.0,0.0
1770,2024-04-04,ADIANTAMENTO DE CLIENTES,11202003.0,0.0,0.0
1771,2024-04-04,RECEITA DE JUROS,11201001.0,140.77,0.0
1772,2024-04-04,MARKETING DIRETO,11101001.0,0.0,0.0
1773,2024-04-04,RECEITA DE JUROS,11201001.0,151.43,0.0
1774,2024-05-04,ADIANT. DE LUCRO - CARLOS HENR,21105006.0,0.0,150.0
1775,2024-05-04,ADIANT. DE LUCRO - CARLOS HENR,21105006.0,0.0,400.0
1776,2024-08-04,IOF,31103006.0,0.0,148.7
1777,2024-08-04,ADIANT. DE LUCRO - CARLOS HENR,21105006.0,0.0,100.0
1778,2024-08-04,ADIANT. DE LUCRO - CARLOS HENR,21105006.0,0.0,150.0
1779,2024-09-04,ADIANT. DE LUCRO - CARLOS HENR,21105006.0,0.0,0.0
1780,2024-09-04,ADIANT. DE LUCRO - CARLOS HENR,21105006.0,0.0,900.0
1781,2024-09-04,ADIANTAMENTO DE CLIENTES,11202003.0,500.0,0.0
1782,2024-10-04,ADIANT. DE LUCRO - CARLOS HENR,21105006.0,0.0,0.0
1783,2024-10-04,ADIANTAMENTO DE CLIENTES,11202003.0,0.0,0.0
1784,2024-10-04,ADIANTAMENTO DE CLIENTES,11202003.0,0.0,0.0
1785,2024-10-04,ADIANTAMENTO DE CLIENTES,11202003.0,0.0,0.0
1786,2024-10-04,TARIFAS BANCARIAS,31103005.0,0.0,714.13
1787,2024-10-04,TARIFAS BANCARIAS,31103005.0,0.0,735.85
1788,2024-10-04,ADIANT. DE LUCRO - CARLOS HENR,21105006.0,0.0,200.0
1789,2024-11-04,APLICACAO ITAU AUTO MAIS,31103010.0,0.0,0.0
1790,2024-11-04,APLICACAO ITAU AUTO MAIS,31103010.0,0.0,0.0
1791,2024-11-04,ADIANTAMENTO DE CLIENTES,11202003.0,0.0,0.0
1792,2024-11-04,ADIANTAMENTO DE CLIENTES,11202003.0,0.0,0.0
1793,2024-11-04,ADIANTAMENTO DE CLIENTES,11202003.0,0.0,0.0
1794,2024-11-04,IOF,31103006.0,0.0,621.8
1795,2024-11-04,IOF,31103006.0,0.0,105.98
1796,2024-11-04,ADIANT. DE LUCRO - CARLOS HENR,21105006.0,0.0,300.0
1797,2024-12-04,APLICACAO ITAU AUTO MAIS,31103010.0,0.0,0.0
1798,2024-12-04,APLICACAO ITAU AUTO MAIS,31103010.0,0.0,0.0
1799,2024-12-04,CONSULTORIA,21101002.0,0.0,0.0
1800,2024-12-04,MARKETING DIRETO,11101001.0,0.0,0.0
1801,2024-12-04,MARKETING DIRETO,11101001.0,0.0,0.0
1802,2024-12-04,TELEFONIA  MOVEL,21103006.0,0.0,263.45
1803,2024-12-04,SERVICOS DE PUBLICIDADE E PROP,21101013.0,0.0,100.0
1804,2024-12-04,ADIANT. DE LUCRO - CARLOS HENR,21105006.0,0.0,300.0
1805,2024-12-04,ADIANT. DE LUCRO - CARLOS HENR,21105006.0,0.0,500.0
1879,2024-02-05,LICENCA DE USO,21103015.0,0.0,0.0
1880,2024-02-05,ADIANT. DE LUCRO - CARLOS HENR,21105006.0,0.0,200.0
1881,2024-02-05,TARIFAS BANCARIAS,31103005.0,0.0,48.14
1882,2024-03-05,IOF,31103006.0,0.0,170.31
1883,2024-03-05,TARIFAS BANCARIAS,31103005.0,0.0,14.88
1884,2024-03-05,TARIFAS BANCARIAS,31103005.0,0.0,95.0
1885,2024-03-05,TARIFAS BANCARIAS,31103005.0,0.0,34.2
1886,2024-03-05,TARIFAS BANCARIAS,31103005.0,0.0,130.09
1887,2024-06-05,TARIFAS BANCARIAS,31103005.0,0.0,264.6
1888,2024-07-05,ADIANTAMENTO DE CLIENTES,11202003.0,500.0,0.0
1889,2024-07-05,MARKETING DIRETO,11101001.0,0.0,0.0
1890,2024-08-05,ADIANTAMENTO DE CLIENTES,11202003.0,0.0,0.0
1891,2024-08-05,TARIFAS BANCARIAS,31103005.0,0.0,14.88
1892,2024-09-05,SERVICOS DE PUBLICIDADE E PROP,21101013.0,0.0,280.6
1893,2024-09-05,SERVICOS DE PUBLICIDADE E PROP,21101013.0,0.0,377.2
1894,2024-09-05,SERVICOS DE PUBLICIDADE E PROP,21101013.0,0.0,188.6
1895,2024-09-05,SERVICOS DE PUBLICIDADE E PROP,21101013.0,0.0,282.0
1896,2024-09-05,SERVICOS DE PUBLICIDADE E PROP,21101013.0,0.0,188.6
1897,2024-09-05,ADIANT. DE LUCRO - CARLOS HENR,21105006.0,0.0,0.0
1898,2024-09-05,TARIFAS BANCARIAS,31103005.0,0.0,272.58
1899,2024-09-05,ADIANTAMENTO DE CLIENTES,11202003.0,0.0,0.0
1900,2024-09-05,MARKETING DIRETO,11101001.0,0.0,0.0
1901,2024-10-05,ADIANT. DE LUCRO - CARLOS HENR,21105006.0,0.0,700.0
1902,2024-10-05,ADIANT. DE LUCRO - CARLOS HENR,21105006.0,0.0,0.0
1903,2024-10-05,ADIANT. DE LUCRO - CARLOS HENR,21105006.0,0.0,0.0
1904,2024-10-05,CONSULTORIA,21101002.0,0.0,0.0
1971,2024-03-06,TELEFONIA  MOVEL,21103006.0,0.0,227.5
1972,2024-03-06,LICENCA DE USO,21103015.0,0.0,0.0
1973,2024-04-06,IOF,31103006.0,0.0,187.36
1974,2024-04-06,TARIFAS BANCARIAS,31103005.0,0.0,24.07
1975,2024-04-06,TARIFAS BANCARIAS,31103005.0,0.0,45.6
1976,2024-04-06,TARIFAS BANCARIAS,31103005.0,0.0,60.8
1977,2024-04-06,TARIFAS BANCARIAS,31103005.0,0.0,146.02
1978,2024-04-06,ADIANT. DE LUCRO - CARLOS HENR,21105006.0,0.0,300.0
1979,2024-05-06,ADIANTAMENTO DE CLIENTES,11202003.0,0.0,0.0
1980,2024-06-06,ADIANTAMENTO DE CLIENTES,11202003.0,0.0,0.0
1981,2024-06-06,SERVICOS DE PUBLICIDADE E PROP,21101013.0,0.0,172.2
1982,2024-06-06,SERVICOS DE PUBLICIDADE E PROP,21101013.0,0.0,172.2
1983,2024-06-06,SERVICOS DE PUBLICIDADE E PROP,21101013.0,0.0,172.2
1984,2024-06-06,SERVICOS DE PUBLICIDADE E PROP,21101013.0,0.0,256.2
1985,2024-06-06,SERVICOS DE PUBLICIDADE E PROP,21101013.0,0.0,246.0
1986,2024-06-06,ADIANT. DE LUCRO - CARLOS HENR,21105006.0,0.0,800.0
1987,2024-06-06,ENERGIA ELETRICA,21103003.0,0.0,0.0
1988,2024-06-06,ADIANTAMENTO DE CLIENTES,11202003.0,0.0,0.0
1989,2024-07-06,ADIANTAMENTO DE CLIENTES,11202003.0,0.0,0.0
1990,2024-10-06,SERVICOS DE PUBLICIDADE E PROP,21101013.0,0.0,650.0
1991,2024-10-06,SERVICOS DE PUBLICIDADE E PROP,21101013.0,0.0,0.0
1992,2024-11-06,ADIANT. DE LUCRO - CARLOS HENR,21105006.0,0.0,160.0
1993,2024-11-06,MARKETING DIRETO,11101001.0,0.0,0.0
1994,2024-11-06,MARKETING DIRETO,11101001.0,0.0,0.0
1995,2024-11-06,ADIANTAMENTO DE CLIENTES,11202003.0,0.0,0.0
1996,2024-11-06,MARKETING DIRETO,11101001.0,0.0,0.0
1997,2024-12-06,ADIANTAMENTO DE CLIENTES,11202003.0,0.0,0.0
2072,2024-01-07,ADIANTAMENTO DE CLIENTES,11202003.0,0.0,0.0
2073,2024-01-07,CONSULTORIA,21101002.0,0.0,0.0
2074,2024-02-07,IOF,31103006.0,0.0,167.82
2075,2024-02-07,TARIFAS BANCARIAS,31103005.0,0.0,68.4
2076,2024-02-07,TARIFAS BANCARIAS,31103005.0,0.0,64.6
2077,2024-02-07,TARIFAS BANCARIAS,31103005.0,0.0,150.67
2078,2024-02-07,ADIANTAMENTO DE CLIENTES,11202003.0,0.0,0.0
2079,2024-02-07,ADIANTAMENTO DE CLIENTES,11202003.0,0.0,0.0
2080,2024-02-07,ENERGIA ELETRICA,21103003.0,0.0,388.82
2081,2024-03-07,TARIFAS BANCARIAS,31103005.0,0.0,24.07
2082,2024-03-07,ADIANT. DE LUCRO - CARLOS HENR,21105006.0,0.0,0.0
2083,2024-03-07,ADIANT. DE LUCRO - MANOEL VIRG,21105011.0,0.0,0.0
2084,2024-03-07,ADIANT. DE LUCRO - MATEUS MACI,21105007.0,0.0,0.0
2085,2024-03-07,ADIANTAMENTO DE CLIENTES,11202003.0,0.0,0.0
2086,2024-03-07,ADIANTAMENTO DE CLIENTES,11202003.0,0.0,0.0
2087,2024-04-07,ADIANTAMENTO DE CLIENTES,11202003.0,0.0,0.0
2088,2024-04-07,TARIFAS BANCARIAS,31103005.0,0.0,50.0
2089,2024-05-07,SERVICOS DE PUBLICIDADE E PROP,21101013.0,0.0,244.0
2090,2024-05-07,SERVICOS DE PUBLICIDADE E PROP,21101013.0,0.0,328.0
2091,2024-05-07,SERVICOS DE PUBLICIDADE E PROP,21101013.0,0.0,164.0
2092,2024-05-07,SERVICOS DE PUBLICIDADE E PROP,21101013.0,0.0,246.0
2093,2024-05-07,SERVICOS DE PUBLICIDADE E PROP,21101013.0,0.0,164.0
2094,2024-05-07,SERVICOS DE PUBLICIDADE E PROP,21101013.0,0.0,244.0
2095,2024-05-07,SERVICOS DE PUBLICIDADE E PROP,21101013.0,0.0,164.0
2096,2024-05-07,ADIANT. DE LUCRO - CARLOS HENR,21105006.0,0.0,700.0
2097,2024-05-07,ENERGIA ELETRICA,21103003.0,0.0,454.73
2098,2024-08-07,ADIANTAMENTO DE CLIENTES,11202003.0,0.0,0.0
2099,2024-08-07,ADIANTAMENTO DE CLIENTES,11202003.0,0.0,0.0
2100,2024-08-07,ADIANTAMENTO DE CLIENTES,11202003.0,0.0,0.0
2101,2024-08-07,RECEITA DE JUROS,11201001.0,158.11,0.0
2102,2024-08-07,ADIANT. DE LUCRO - CARLOS HENR,21105006.0,0.0,200.0
2103,2024-10-07,ADIANT. DE LUCRO - CARLOS HENR,21105006.0,0.0,0.0
2104,2024-11-07,MARKETING DIRETO,11101001.0,0.0,0.0
2105,2024-11-07,MARKETING DIRETO,11101001.0,0.0,0.0
2106,2024-11-07,MARKETING DIRETO,11101001.0,0.0,0.0
2107,2024-11-07,ADIANT. DE LUCRO - CARLOS HENR,21105006.0,0.0,139.02
2108,2024-11-07,ADIANTAMENTO DE CLIENTES,11202003.0,0.0,0.0
2172,2024-01-08,TELEFONIA  MOVEL,21103006.0,0.0,245.27
2173,2024-01-08,MARKETING DIRETO,11101001.0,0.0,0.0
2174,2024-02-08,IOF,31103006.0,0.0,219.05
2175,2024-02-08,TARIFAS BANCARIAS,31103005.0,0.0,79.8
2176,2024-02-08,TARIFAS BANCARIAS,31103005.0,0.0,53.2
2177,2024-02-08,TARIFAS BANCARIAS,31103005.0,0.0,163.24
2178,2024-02-08,ADIANT. DE LUCRO - MATEUS MACI,21105007.0,0.0,0.0
2179,2024-05-08,SERVICOS DE PUBLICIDADE E PROP,21101013.0,0.0,0.0
2180,2024-05-08,CONSULTORIA,21101002.0,0.0,377.2
2181,2024-05-08,ADIANTAMENTO DE CLIENTES,11202003.0,0.0,0.0
2182,2024-05-08,ADIANTAMENTO DE CLIENTES,11202003.0,0.0,0.0
2183,2024-05-08,SERVICOS DE PUBLICIDADE E PROP,21101013.0,0.0,282.9
2184,2024-05-08,ADIANT. DE LUCRO - MATEUS MACI,21105007.0,0.0,0.0
2185,2024-05-08,SERVICOS DE PUBLICIDADE E PROP,21101013.0,0.0,188.6
2186,2024-05-08,SERVICOS DE PUBLICIDADE E PROP,21101013.0,0.0,188.6
2187,2024-05-08,SERVICOS DE PUBLICIDADE E PROP,21101013.0,0.0,377.2
2188,2024-05-08,SERVICOS DE PUBLICIDADE E PROP,21101013.0,0.0,158.6
2189,2024-05-08,SERVICOS DE PUBLICIDADE E PROP,21101013.0,0.0,188.66
2190,2024-05-08,SERVICOS DE PUBLICIDADE E PROP,21101013.0,0.0,280.6
2191,2024-05-08,SERVICOS DE PUBLICIDADE E PROP,21101013.0,0.0,188.6
2192,2024-05-08,ADIANT. DE LUCRO - CARLOS HENR,21105006.0,0.0,0.0
2193,2024-06-08,ADIANTAMENTO DE CLIENTES,11202003.0,0.0,0.0
2194,2024-06-08,ADIANTAMENTO DE CLIENTES,11202003.0,0.0,0.0
2195,2024-07-08,ENTRADAS DE TRANSFERENCIAS,31102004.0,0.0,0.0
2196,2024-07-08,ENTRADAS DE TRANSFERENCIAS,31102004.0,0.0,0.0
2197,2024-07-08,ADIANTAMENTO DE CLIENTES,11202003.0,0.0,0.0
2198,2024-07-08,ADIANTAMENTO DE CLIENTES,11202003.0,0.0,0.0
2199,2024-07-08,ADIANTAMENTO DE CLIENTES,11202003.0,0.0,0.0
2200,2024-08-08,MARKETING DIRETO,11101001.0,0.0,0.0
2201,2024-12-08,MATERIAL DE EXPEDIENTE,21103011.0,0.0,365.67
2202,2024-12-08,MARKETING DIRETO,11101001.0,0.0,0.0
2203,2024-12-08,MARKETING DIRETO,11101001.0,0.0,0.0
2204,2024-12-08,ADIANT. DE LUCRO - CARLOS HENR,21105006.0,0.0,700.0
2205,2024-12-08,ADIANT. DE LUCRO - CARLOS HENR,21105006.0,0.0,50.0
2206,2024-12-08,ADIANT. DE LUCRO - CARLOS HENR,21105006.0,0.0,300.0
2273,2024-02-09,ADIANTAMENTO DE CLIENTES,11202003.0,0.0,0.0
2274,2024-02-09,TARIFAS BANCARIAS,31103005.0,0.0,14.63
2275,2024-02-09,TARIFAS BANCARIAS,31103005.0,0.0,83.59
2276,2024-03-09,IOF,31103006.0,0.0,252.64
2277,2024-03-09,TARIFAS BANCARIAS,31103005.0,0.0,789.49
2278,2024-03-09,TARIFAS BANCARIAS,31103005.0,0.0,79.8
2279,2024-03-09,TARIFAS BANCARIAS,31103005.0,0.0,34.2
2280,2024-03-09,TARIFAS BANCARIAS,31103005.0,0.0,142.2
2281,2024-03-09,SERVICOS DE PUBLICIDADE E PROP,21101013.0,0.0,250.0
2282,2024-03-09,ADIANT. DE LUCRO - MATEUS MACI,21105007.0,0.0,0.0
2283,2024-03-09,ADIANTAMENTO DE CLIENTES,11202003.0,0.0,0.0
2284,2024-03-09,ADIANT. DE LUCRO - CARLOS HENR,21105006.0,0.0,0.0
2285,2024-05-09,ADIANTAMENTO DE CLIENTES,11202003.0,0.0,0.0
2286,2024-05-09,TARIFAS BANCARIAS,31103005.0,0.0,181.98
2287,2024-09-09,SERVICOS DE PUBLICIDADE E PROP,21101013.0,0.0,328.0
2288,2024-09-09,SERVICOS DE PUBLICIDADE E PROP,21101013.0,0.0,244.0
2289,2024-09-09,ADIANT. DE LUCRO - CARLOS HENR,21105006.0,0.0,0.0
2290,2024-09-09,SERVICOS DE PUBLICIDADE E PROP,21101013.0,0.0,164.0
2291,2024-09-09,SERVICOS DE PUBLICIDADE E PROP,21101013.0,0.0,164.0
2292,2024-09-09,SERVICOS DE PUBLICIDADE E PROP,21101013.0,0.0,328.0
2293,2024-09-09,SERVICOS DE PUBLICIDADE E PROP,21101013.0,0.0,147.6
2294,2024-09-09,SERVICOS DE PUBLICIDADE E PROP,21101013.0,0.0,244.0
2295,2024-10-09,ADIANT. DE LUCRO - CARLOS HENR,21105006.0,0.0,500.0
2296,2024-10-09,MARKETING DIRETO,11101001.0,0.0,0.0
2297,2024-11-09,MARKETING DIRETO,11101001.0,0.0,0.0
2298,2024-11-09,MARKETING DIRETO,11101001.0,0.0,0.0
2299,2024-11-09,ADIANTAMENTO DE CLIENTES,11202003.0,0.0,0.0
2300,2024-11-09,CONSULTORIA,21101002.0,0.0,0.0
2301,2024-11-09,TARIFAS BANCARIAS,31103005.0,0.0,24.07
2302,2024-11-09,APORTES,11203002.0,0.01,0.0
2303,2024-12-09,LICENCA DE USO,21103015.0,0.0,0.0
2304,2024-12-09,ADIANTAMENTO DE CLIENTES,11202003.0,0.0,0.0
2305,2024-12-09,ADIANTAMENTO DE CLIENTES,11202003.0,0.0,0.0
2367,2024-01-10,JUROS PAGOS,31103001.0,0.0,7.83
2368,2024-01-10,TELEFONIA  MOVEL,21103006.0,0.0,0.0
2369,2024-01-10,ADIANT. DE LUCRO - CARLOS HENR,21105006.0,0.0,0.0
2370,2024-01-10,ADIANTAMENTO DE CLIENTES,11202003.0,0.0,0.0
2371,2024-01-10,ADIANTAMENTO DE CLIENTES,11202003.0,0.0,0.0
2372,2024-01-10,ADIANTAMENTO DE CLIENTES,11202003.0,0.0,0.0
2373,2024-02-10,TELEFONIA  MOVEL,21103006.0,0.0,269.5
2374,2024-02-10,ADIANT. DE LUCRO - MATEUS MACI,21105007.0,0.0,0.0
2375,2024-02-10,TARIFAS BANCARIAS,31103005.0,0.0,174.3
2376,2024-02-10,TARIFAS BANCARIAS,31103005.0,0.0,76.0
2377,2024-02-10,IOF,31103006.0,0.0,174.08
2378,2024-02-10,TARIFAS BANCARIAS,31103005.0,0.0,48.14
2379,2024-02-10,TARIFAS BANCARIAS,31103005.0,0.0,7.6
2380,2024-03-10,MULTAS PUNITIVAS,21110003.0,0.0,106.96
2381,2024-07-10,ADIANT. DE LUCRO - CARLOS HENR,21105006.0,0.0,0.0
2382,2024-07-10,ADIANT. DE LUCRO - MATEUS MACI,21105007.0,0.0,0.0
2383,2024-07-10,ADIANT. DE LUCRO - MANOEL VIRG,21105011.0,0.0,0.0
2384,2024-08-10,SERVICOS DE PUBLICIDADE E PROP,21101013.0,0.0,180.4
2385,2024-08-10,SERVICOS DE PUBLICIDADE E PROP,21101013.0,0.0,360.8
2386,2024-08-10,SERVICOS DE PUBLICIDADE E PROP,21101013.0,0.0,270.6
2387,2024-08-10,SERVICOS DE PUBLICIDADE E PROP,21101013.0,0.0,180.4
2388,2024-08-10,SERVICOS DE PUBLICIDADE E PROP,21101013.0,0.0,180.4
2389,2024-08-10,ADIANT. DE LUCRO - CARLOS HENR,21105006.0,0.0,450.0
2390,2024-08-10,SERVICOS DE PUBLICIDADE E PROP,21101013.0,0.0,268.4
2391,2024-08-10,SERVICOS DE PUBLICIDADE E PROP,21101013.0,0.0,268.4
2392,2024-08-10,SERVICOS DE PUBLICIDADE E PROP,21101013.0,0.0,180.0
2393,2024-08-10,SERVICOS DE PUBLICIDADE E PROP,21101013.0,0.0,360.8
2394,2024-08-10,SERVICOS DE PUBLICIDADE E PROP,21101013.0,0.0,165.0
2395,2024-08-10,ADIANT. DE LUCRO - CARLOS HENR,21105006.0,0.0,450.0
2396,2024-08-10,SERVICOS DE PUBLICIDADE E PROP,21101013.0,0.0,180.4
2397,2024-08-10,ADIANTAMENTO DE CLIENTES,11202003.0,0.0,0.0
2398,2024-10-10,ADIANTAMENTO DE CLIENTES,11202003.0,0.0,0.0
2399,2024-11-10,APLICACAO ITAU AUTO MAIS,31103010.0,0.0,0.0
2400,2024-11-10,MARKETING DIRETO,11101001.0,0.0,0.0
2401,2024-11-10,ADIANTAMENTO DE CLIENTES,11202003.0,0.0,0.0
2402,2024-11-10,ADIANTAMENTO DE CLIENTES,11202003.0,0.0,0.0
2403,2024-11-10,MARKETING DIRETO,11101001.0,0.0,0.0
2404,2024-11-10,ADIANTAMENTO DE CLIENTES,11202003.0,0.0,0.0
2405,2024-11-10,MARKETING DIRETO,11101001.0,0.0,0.0
2406,2024-11-10,MARKETING DIRETO,11101001.0,880.0,0.0
2407,2024-11-10,RECEITA DE JUROS,11201001.0,44.87,0.0
2408,2024-11-10,ADIANT. DE LUCRO - CARLOS HENR,21105006.0,0.0,200.0
2409,2024-11-10,APLICACAO ITAU AUTO MAIS,31103010.0,0.0,0.0
2485,2024-01-11,TELEFONIA  MOVEL,21103006.0,0.0,258.68
2486,2024-01-11,ADIANT. DE LUCRO - CARLOS HENR,21105006.0,0.0,99.0
2487,2024-04-11,ADIANT. DE LUCRO - CARLOS HENR,21105006.0,0.0,0.0
2488,2024-04-11,ADIANT. DE LUCRO - CARLOS HENR,21105006.0,0.0,0.0
2489,2024-04-11,TARIFAS BANCARIAS,31103005.0,0.0,106.4
2490,2024-04-11,IOF,31103006.0,0.0,265.88
2491,2024-04-11,TARIFAS BANCARIAS,31103005.0,0.0,49.4
2492,2024-04-11,ADIANTAMENTO DE CLIENTES,11202003.0,0.0,0.0
2493,2024-05-11,ADIANT. DE LUCRO - CARLOS HENR,21105006.0,0.0,180.4
2494,2024-05-11,TARIFAS BANCARIAS,31103005.0,0.0,215.0
2495,2024-05-11,ADIANTAMENTO DE CLIENTES,11202003.0,0.0,0.0
2496,2024-07-11,CONDUCAO E TRANSPORTE,21102002.0,0.0,100.0
2497,2024-07-11,ADIANT. DE LUCRO - CARLOS HENR,21105006.0,0.0,75.0
2498,2024-08-11,ADIANTAMENTO DE CLIENTES,11202003.0,0.0,0.0
2499,2024-08-11,SERVICOS DE PUBLICIDADE E PROP,21101013.0,0.0,100.0
2500,2024-08-11,SERVICOS DE PUBLICIDADE E PROP,21101013.0,0.0,100.0
2501,2024-08-11,SERVICOS DE PUBLICIDADE E PROP,21101013.0,0.0,100.0
2502,2024-08-11,SERVICOS DE PUBLICIDADE E PROP,21101013.0,0.0,100.0
2503,2024-08-11,SERVICOS DE PUBLICIDADE E PROP,21101013.0,0.0,100.0
2504,2024-08-11,SERVICOS DE PUBLICIDADE E PROP,21101013.0,0.0,100.0
2505,2024-08-11,SERVICOS DE PUBLICIDADE E PROP,21101013.0,0.0,100.0
2506,2024-08-11,ADIANT. DE LUCRO - CARLOS HENR,21105006.0,0.0,300.0
2507,2024-08-11,SERVICOS DE PUBLICIDADE E PROP,21101013.0,0.0,100.0
2508,2024-08-11,SERVICOS DE PUBLICIDADE E PROP,21101013.0,0.0,100.0
2509,2024-08-11,ADIANT. DE LUCRO - CARLOS HENR,21105006.0,0.0,900.0
2510,2024-08-11,SERVICOS DE PUBLICIDADE E PROP,21101013.0,0.0,100.0
2511,2024-11-11,ADIANT. DE LUCRO - CARLOS HENR,21105006.0,0.0,0.0
2512,2024-11-11,ADIANTAMENTO DE CLIENTES,11202003.0,0.0,0.0
2513,2024-12-11,ADIANTAMENTO DE CLIENTES,11202003.0,0.0,0.0
2514,2024-12-11,ADIANTAMENTO DE CLIENTES,11202003.0,0.0,0.0
2515,2024-12-11,ADIANTAMENTO DE CLIENTES,11202003.0,880.0,0.0
2516,2024-12-11,ADIANTAMENTO DE CLIENTES,11202003.0,880.0,0.0
2517,2024-12-11,RECEITA DE JUROS,11201001.0,46.03,0.0
2518,2024-12-11,SERVICOS DE PUBLICIDADE E PROP,21101013.0,0.0,0.0
2519,2024-12-11,SERVICOS DE PUBLICIDADE E PROP,21101013.0,0.0,55.8
2520,2024-12-11,SERVICOS DE PUBLICIDADE E PROP,21101013.0,0.0,131.8
2521,2024-12-11,SERVICOS DE PUBLICIDADE E PROP,21101013.0,0.0,55.8
2522,2024-12-11,ADIANT. DE LUCRO - CARLOS HENR,21105006.0,0.0,150.0
2523,2024-12-11,SERVICOS DE PUBLICIDADE E PROP,21101013.0,0.0,211.6
2524,2024-12-11,SERVICOS DE PUBLICIDADE E PROP,21101013.0,0.0,131.8
2525,2024-12-11,SERVICOS DE PUBLICIDADE E PROP,21101013.0,0.0,72.2
2526,2024-12-11,SERVICOS DE PUBLICIDADE E PROP,21101013.0,0.0,211.6
2527,2024-12-11,SERVICOS DE PUBLICIDADE E PROP,21101013.0,0.0,55.8
2528,2024-12-11,ADIANT. DE LUCRO - CARLOS HENR,21105006.0,0.0,0.0
2529,2024-12-11,CONDUCAO E TRANSPORTE,21102002.0,0.0,100.0
2530,2024-12-11,MARKETING DIRETO,11101001.0,0.0,0.0
2531,2024-12-11,ADIANTAMENTO DE CLIENTES,11202003.0,0.0,0.0
2532,2024-12-11,ADIANTAMENTO DE CLIENTES,11202003.0,0.0,0.0
2621,2024-02-12,ADIANTAMENTO DE CLIENTES,11202003.0,0.0,0.0
2622,2024-02-12,MARKETING DIRETO,11101001.0,0.0,0.0
2623,2024-02-12,ADIANT. DE LUCRO - CARLOS HENR,21105006.0,0.0,59.99
2624,2024-02-12,ADIANTAMENTO DE CLIENTES,11202003.0,0.0,0.0
2625,2024-02-12,TELEFONIA  MOVEL,21103006.0,0.0,264.91
2626,2024-02-12,ADIANT. DE LUCRO - CARLOS HENR,21105006.0,0.0,850.0
2627,2024-02-12,ADIANT. DE LUCRO - MANOEL VIRG,21105011.0,0.0,410.0
2628,2024-02-12,JUROS PAGOS,31103001.0,0.0,6.59
2629,2024-03-12,ADIANT. DE LUCRO - CARLOS HENR,21105006.0,0.0,0.0
2630,2024-03-12,IOF,31103006.0,0.0,104.3
2631,2024-03-12,ADIANT. DE LUCRO - CARLOS HENR,21105006.0,0.0,400.0
2632,2024-03-12,TARIFAS BANCARIAS,31103005.0,0.0,30.4
2633,2024-03-12,TARIFAS BANCARIAS,31103005.0,0.0,301.92
2634,2024-03-12,CONDUCAO E TRANSPORTE,21102002.0,0.0,100.0
2635,2024-03-12,CONSULTORIA,21101002.0,0.0,0.0
2636,2024-03-12,ADIANT. DE LUCRO - CARLOS HENR,21105006.0,0.0,0.0
2637,2024-03-12,TARIFAS BANCARIAS,31103005.0,0.0,121.6
2638,2024-04-12,ADIANTAMENTO DE CLIENTES,11202003.0,0.0,0.0
2639,2024-04-12,ADIANTAMENTO DE CLIENTES,11202003.0,0.0,0.0
2640,2024-04-12,ADIANT. DE LUCRO - CARLOS HENR,21105006.0,0.0,300.0
2641,2024-05-12,TELEFONIA  MOVEL,21103006.0,0.0,145.31
2642,2024-06-12,SERVICOS DE PUBLICIDADE E PROP,21101013.0,0.0,122.0
2643,2024-06-12,SERVICOS DE PUBLICIDADE E PROP,21101013.0,0.0,164.0
2644,2024-06-12,ADIANT. DE LUCRO - CARLOS HENR,21105006.0,0.0,49.2
2645,2024-06-12,SERVICOS DE PUBLICIDADE E PROP,21101013.0,0.0,205.0
2646,2024-06-12,SERVICOS DE PUBLICIDADE E PROP,21101013.0,0.0,73.8
2647,2024-06-12,SERVICOS DE PUBLICIDADE E PROP,21101013.0,0.0,82.0
2648,2024-06-12,SERVICOS DE PUBLICIDADE E PROP,21101013.0,0.0,164.0
2649,2024-06-12,SERVICOS DE PUBLICIDADE E PROP,21101013.0,0.0,122.0
2650,2024-06-12,SERVICOS DE PUBLICIDADE E PROP,21101013.0,0.0,82.0
2651,2024-06-12,SERVICOS DE PUBLICIDADE E PROP,21101013.0,0.0,49.2
2652,2024-06-12,SERVICOS DE PUBLICIDADE E PROP,21101013.0,0.0,82.0
2653,2024-06-12,ADIANTAMENTO DE CLIENTES,11202003.0,0.0,0.0
2654,2024-06-12,SERVICOS DE PUBLICIDADE E PROP,21101013.0,0.0,49.2
2655,2024-09-12,SERVICOS DE PUBLICIDADE E PROP,21101013.0,0.0,500.0
2656,2024-09-12,SERVICOS DE PUBLICIDADE E PROP,21101013.0,0.0,82.5
2657,2024-09-12,SERVICOS DE PUBLICIDADE E PROP,21101013.0,0.0,500.0
2658,2024-09-12,TARIFAS BANCARIAS,31103005.0,0.0,24.07
2659,2024-10-12,ADIANT. DE LUCRO - CARLOS HENR,21105006.0,0.0,360.0
2660,2024-10-12,MARKETING DIRETO,11101001.0,0.0,0.0
2661,2024-10-12,ADIANT. DE LUCRO - CARLOS HENR,21105006.0,360.0,0.0
2662,2024-10-12,ALUGUEL DE IMOVEIS,21103001.0,0.0,360.0
2663,2024-11-12,ADIANT. DE LUCRO - CARLOS HENR,21105006.0,0.0,250.0
2664,2024-11-12,TARIFAS BANCARIAS,31103005.0,0.0,14.88
2665,2024-12-12,ADIANT. DE LUCRO - CARLOS HENR,21105006.0,0.0,100.0
2666,2024-12-12,TARIFAS BANCARIAS,31103005.0,0.0,288.67
2667,2024-12-12,ADIANT. DE LUCRO - CARLOS HENR,21105006.0,0.0,62.9
